#  Camera paramters. rvec, tvec, cmat (flatten), dvec
  0.0000000000000000e+00
  0.0000000000000000e+00
  0.0000000000000000e+00
  0.0000000000000000e+00
  0.0000000000000000e+00
  0.0000000000000000e+00
  1.9888880235202437e+03
  0.0000000000000000e+00
  2.0292115623949503e+03
  0.0000000000000000e+00
  1.9821017744094222e+03
  1.5085310193172222e+03
  0.0000000000000000e+00
  0.0000000000000000e+00
  1.0000000000000000e+00
 -6.5988859640544505e-03
  0.0000000000000000e+00
  0.0000000000000000e+00
  0.0000000000000000e+00
  0.0000000000000000e+00
# # rvec_x =   0.0000000000000000e+00
# # rvec_y =   0.0000000000000000e+00
# # rvec_z =   0.0000000000000000e+00
# # tvec_x =   0.0000000000000000e+00
# # tvec_y =   0.0000000000000000e+00
# # tvec_z =   0.0000000000000000e+00
# # r44 matrix:
# #     1.0000000000000000e+00   0.0000000000000000e+00   0.0000000000000000e+00   0.0000000000000000e+00
# #     0.0000000000000000e+00   1.0000000000000000e+00   0.0000000000000000e+00   0.0000000000000000e+00
# #     0.0000000000000000e+00   0.0000000000000000e+00   1.0000000000000000e+00   0.0000000000000000e+00
# #     0.0000000000000000e+00   0.0000000000000000e+00   0.0000000000000000e+00   1.0000000000000000e+00
# # inverse of r44 matrix:
# #     1.0000000000000000e+00   0.0000000000000000e+00   0.0000000000000000e+00   0.0000000000000000e+00
# #     0.0000000000000000e+00   1.0000000000000000e+00   0.0000000000000000e+00   0.0000000000000000e+00
# #     0.0000000000000000e+00   0.0000000000000000e+00   1.0000000000000000e+00   0.0000000000000000e+00
# #     0.0000000000000000e+00   0.0000000000000000e+00   0.0000000000000000e+00   1.0000000000000000e+00
# # fx =   1.9888880235202437e+03 (pixels)
# # fy =   1.9821017744094222e+03 (pixels)
# # cx =   2.0292115623949503e+03 (pixels)
# # cy =   1.5085310193172222e+03 (pixels)
# # k1 =  -6.5988859640544505e-03
# 
