#  Camera paramters. rvec, tvec, cmat (flatten), dvec
 -2.6184241797557600e-02
 -1.5017114649672134e-02
  7.2262406272121944e-04
 -4.0462131129344591e+01
  7.2020699420538620e+01
 -3.1145726269083390e+01
  1.9274562583300678e+03
  0.0000000000000000e+00
  2.0212142680776733e+03
  0.0000000000000000e+00
  1.9263989218382217e+03
  1.5164230509697325e+03
  0.0000000000000000e+00
  0.0000000000000000e+00
  1.0000000000000000e+00
 -2.9172459220860579e-03
  0.0000000000000000e+00
  0.0000000000000000e+00
  0.0000000000000000e+00
  0.0000000000000000e+00
# # rvec_x =  -2.6184241797557600e-02
# # rvec_y =  -1.5017114649672134e-02
# # rvec_z =   7.2262406272121944e-04
# # tvec_x =  -4.0462131129344591e+01
# # tvec_y =   7.2020699420538620e+01
# # tvec_z =  -3.1145726269083390e+01
# # r44 matrix:
# #     9.9988699062684305e-01  -5.2592332629041697e-04  -1.5024292990035102e-02  -4.0462131129344591e+01
# #     9.1910521564737423e-04   9.9965695771038454e-01   2.6174838047654816e-02   7.2020699420538620e+01
# #     1.5005373064276814e-02  -2.6185688951663122e-02   9.9954447048309392e-01  -3.1145726269083390e+01
# #     0.0000000000000000e+00   0.0000000000000000e+00   0.0000000000000000e+00   1.0000000000000000e+00
# # inverse of r44 matrix:
# #     9.9988699062684294e-01   9.1910521564737412e-04   1.5005373064276814e-02   4.0858717170822523e+01
# #    -5.2592332629041707e-04   9.9965695771038454e-01  -2.6185688951663118e-02  -7.2832845553757892e+01
# #    -1.5024292990035104e-02   2.6174838047654816e-02   9.9954447048309392e-01   2.8638493414942428e+01
# #     0.0000000000000000e+00   0.0000000000000000e+00   0.0000000000000000e+00   1.0000000000000000e+00
# # fx =   1.9274562583300678e+03 (pixels)
# # fy =   1.9263989218382217e+03 (pixels)
# # cx =   2.0212142680776733e+03 (pixels)
# # cy =   1.5164230509697325e+03 (pixels)
# # k1 =  -2.9172459220860579e-03
# 
