# This is,,,,,,,,,,,,
TheID,Name,Xw,Yw,Zw,Xi_1,Yi_1,Xi_2,Yi_2,Xi_3,Yi_3,Xi_4,Yi_4
1,name_A,100,100,100,155.6396437,175.3298067,212.2852483,104.8254539,268.5295814,377.7733001,105.0203255,299.829091
2,name_B,101,102.34,300.45,303.8881309,384.2601853,369.8637024,368.6078887,318.461793,381.2137798,359.8130179,224.606713
5,name_X,102,103.45,500.67,167.9881298,190.9003011,196.3231148,215.4158109,227.9554176,223.3950357,156.5789043,124.7038314
7,name_Y,102,103.45,500.67,275.8613529,301.9520112,233.6868998,240.9432828,349.9850055,214.083936,203.0982906,246.7289805
101,bckgrnd,102,103.45,500.67,151.4071822,279.2592304,162.4919863,382.6288355,342.7094558,327.9910531,173.6365344,166.384334
