#  Camera paramters. rvec, tvec, cmat (flatten), dvec
  6000
  3368
  1.4114053606758328e+00
 -9.0573386957231258e-02
  1.0765632348636341e-01
 -7.1049687556321555e+02
  6.9637666676017250e+02
  6.4632876634493596e+03
  8.1140189657167321e+03
  0.0000000000000000e+00
  2.9995000000000000e+03
  0.0000000000000000e+00
  8.1342619482886930e+03
  1.6835000000000000e+03
  0.0000000000000000e+00
  0.0000000000000000e+00
  1.0000000000000000e+00
  6.2883820728467099e-02
  0.0000000000000000e+00
  0.0000000000000000e+00
  0.0000000000000000e+00
  0.0000000000000000e+00
# # rvec_x =   1.4114053606758328e+00
# # rvec_y =  -9.0573386957231258e-02
# # rvec_z =   1.0765632348636341e-01
# # tvec_x =  -7.1049687556321555e+02
# # tvec_y =   6.9637666676017250e+02
# # tvec_z =   6.4632876634493596e+03
# # r44 matrix:
# #     9.9165515888419831e-01  -1.2891529848649871e-01   9.4428517539849044e-04  -7.1049687556321555e+02
# #     2.1125031965860581e-02   1.5526572014242240e-01  -9.8764684435940775e-01   6.9637666676017250e+02
# #     1.2717617262206352e-01   9.7942503641922074e-01   1.5669339217851908e-01   6.4632876634493596e+03
# #     0.0000000000000000e+00   0.0000000000000000e+00   0.0000000000000000e+00   1.0000000000000000e+00
# # inverse of r44 matrix:
# #     9.9165515888419820e-01   2.1125031965860585e-02   1.2717617262206352e-01  -1.3211927491511042e+02
# #    -1.2891529848649866e-01   1.5526572014242240e-01   9.7942503641922074e-01  -6.5300230966036424e+03
# #     9.4428517539848697e-04  -9.8764684435940786e-01   1.5669339217851910e-01  -3.2430933953348620e+02
# #     0.0000000000000000e+00   0.0000000000000000e+00   0.0000000000000000e+00   1.0000000000000000e+00
# # fx =   8.1140189657167321e+03 (pixels)
# # fy =   8.1342619482886930e+03 (pixels)
# # cx =   2.9995000000000000e+03 (pixels)
# # cy =   1.6835000000000000e+03 (pixels)
# # k1 =   6.2883820728467099e-02
# 
